open_timestamp_utc,close_timestamp_utc,open,high,low,close,volume
1505347200,1505433599,0.00097000,0.00136000,0.00097000,0.00117400,159665.86000000
1505433600,1505519999,0.00117400,0.00124700,0.00100100,0.00124300,184582.46000000
1505520000,1505606399,0.00124300,0.00128300,0.00115200,0.00117800,186053.30000000
1505606400,1505692799,0.00117800,0.00124400,0.00115000,0.00119400,169017.52000000
1505692800,1505779199,0.00120800,0.00142100,0.00115800,0.00131800,179692.71000000
1505779200,1505865599,0.00131800,0.00134800,0.00121900,0.00123400,182913.16000000
1505865600,1505951999,0.00124400,0.00135700,0.00118900,0.00121600,197757.09000000
1505952000,1506038399,0.00121800,0.00122600,0.00107400,0.00110200,180928.06000000
1506038400,1506124799,0.00110200,0.00113400,0.00106600,0.00108700,175501.44000000
1506124800,1506211199,0.00109700,0.00113700,0.00107600,0.00111000,183420.07000000
1506211200,1506297599,0.00111000,0.00111600,0.00107700,0.00108200,184585.35000000
1506297600,1506383999,0.00108200,0.00109400,0.00102400,0.00108500,177682.20000000
1506384000,1506470399,0.00108500,0.00116800,0.00105900,0.00113100,196337.45000000
1506470400,1506556799,0.00113100,0.00116800,0.00109500,0.00113100,184711.33000000
1506556800,1506643199,0.00113100,0.00121700,0.00111500,0.00114200,193020.06000000
1506643200,1506729599,0.00114100,0.00116600,0.00105900,0.00107400,111155.25000000
1506729600,1506815999,0.00106800,0.00116600,0.00100700,0.00102200,185805.81000000
1506816000,1506902399,0.00102100,0.00105000,0.00092300,0.00094300,182251.36000000
1506902400,1506988799,0.00094300,0.00100100,0.00086500,0.00088700,194478.28000000
1506988800,1507075199,0.00088700,0.00098400,0.00075000,0.00088600,265417.46000000
1507075200,1507161599,0.00089500,0.00094800,0.00083300,0.00086200,255767.07000000
1507161600,1507247999,0.00086200,0.00087200,0.00080500,0.00082200,233079.00000000
1507248000,1507334399,0.00082200,0.00087900,0.00082200,0.00084700,234160.16000000
1507334400,1507420799,0.00084800,0.00094400,0.00081200,0.00087700,264743.73000000
1507420800,1507507199,0.00088000,0.00098000,0.00073400,0.00076100,255739.03000000
1507507200,1507593599,0.00076300,0.00081300,0.00065100,0.00070300,201996.93000000
1507593600,1507679999,0.00070300,0.00074400,0.00067800,0.00071600,228645.05000000
1507680000,1507766399,0.00071600,0.00076400,0.00069600,0.00073100,247567.45000000
1507766400,1507852799,0.00073300,0.00073400,0.00057600,0.00057900,160954.86000000
1507852800,1507939199,0.00058000,0.00059500,0.00052400,0.00055400,362238.99000000
1507939200,1508025599,0.00056100,0.00056500,0.00010000,0.00048900,789391.03000000
1508025600,1508111999,0.00049500,0.00056300,0.00048600,0.00053000,844374.58000000
1508112000,1508198399,0.00053400,0.00055500,0.00049700,0.00051800,788717.99000000
1508198400,1508284799,0.00051300,0.00055100,0.00049700,0.00054900,809089.51000000
1508284800,1508371199,0.00054900,0.00064100,0.00052500,0.00057100,935833.89000000
1508371200,1508457599,0.00057100,0.00060000,0.00053000,0.00054200,800978.72000000
1508457600,1508543999,0.00054200,0.00059300,0.00047500,0.00049600,839624.20000000
1508544000,1508630399,0.00049600,0.00054100,0.00043600,0.00049900,697540.91000000
1508630400,1508716799,0.00050100,0.00058400,0.00048200,0.00052900,853331.81000000
1508716800,1508803199,0.00052900,0.00066700,0.00051600,0.00057700,987106.33000000
1508803200,1508889599,0.00057700,0.00073800,0.00055400,0.00073500,969130.62000000
1508889600,1508975999,0.00073300,0.00088800,0.00069200,0.00086900,806335.94000000
1508976000,1509062399,0.00086900,0.00087500,0.00066300,0.00074400,995754.63000000
1509062400,1509148799,0.00075500,0.00083400,0.00070500,0.00075900,822148.64000000
1509148800,1509235199,0.00075900,0.00082500,0.00073000,0.00075100,731997.56000000
1509235200,1509321599,0.00074600,0.00078100,0.00063400,0.00065600,757536.89000000
1509321600,1509407999,0.00065700,0.00074300,0.00060600,0.00062100,847003.21000000
1509408000,1509494399,0.00061900,0.00061900,0.00050000,0.00052200,797432.34000000
1509494400,1509580799,0.00052100,0.00053000,0.00045200,0.00045200,721550.45000000
1509580800,1509667199,0.00045000,0.00046700,0.00033700,0.00041100,847127.96000000
1509667200,1509753599,0.00040300,0.00046600,0.00037100,0.00044200,834044.39000000
1509753600,1509839999,0.00044100,0.00046400,0.00039600,0.00040600,862609.02000000
1509840000,1509926399,0.00040400,0.00042600,0.00037800,0.00041300,767451.11000000
1509926400,1510012799,0.00041100,0.00044700,0.00040000,0.00043600,858698.54000000
1510012800,1510099199,0.00043200,0.00043700,0.00040600,0.00042300,742231.53000000
1510099200,1510185599,0.00042200,0.00052800,0.00038300,0.00048000,904211.16000000
1510185600,1510271999,0.00048000,0.00054900,0.00047600,0.00053300,787233.04000000
1510272000,1510358399,0.00052700,0.00052900,0.00045500,0.00048200,688252.70000000
1510358400,1510444799,0.00048200,0.00052500,0.00047200,0.00051700,743483.25000000
1510444800,1510531199,0.00051600,0.00052200,0.00047300,0.00048800,659398.01000000
1510531200,1510617599,0.00048600,0.00052500,0.00047800,0.00049800,709758.56000000
1510617600,1510703999,0.00049800,0.00056800,0.00048700,0.00053800,758150.29000000
1510704000,1510790399,0.00053900,0.00058200,0.00048500,0.00051300,716113.45000000
1510790400,1510876799,0.00051800,0.00051900,0.00039500,0.00042000,735295.74000000
1510876800,1510963199,0.00041900,0.00045300,0.00039600,0.00043800,729361.29000000
1510963200,1511049599,0.00043800,0.00046000,0.00042800,0.00044800,781005.47000000
1511049600,1511135999,0.00044800,0.00048500,0.00040300,0.00042800,727251.23000000
1511136000,1511222399,0.00043100,0.00044600,0.00041000,0.00042200,708994.20000000
1511222400,1511308799,0.00042400,0.00047200,0.00040500,0.00042600,823210.20000000
1511308800,1511395199,0.00042600,0.00045400,0.00042300,0.00045300,793539.81000000
1511395200,1511481599,0.00045300,0.00055000,0.00045100,0.00049600,980379.11000000
1511481600,1511567999,0.00049700,0.00052400,0.00046300,0.00051400,751588.10000000
1511568000,1511654399,0.00051400,0.00058400,0.00051100,0.00054200,883253.13000000
1511654400,1511740799,0.00053700,0.00055300,0.00046600,0.00048700,796935.55000000
1511740800,1511827199,0.00048700,0.00056400,0.00046400,0.00055300,911481.00000000
1511827200,1511913599,0.00055300,0.00065600,0.00050900,0.00065500,1280982.26000000
1511913600,1511999999,0.00065400,0.00067700,0.00048300,0.00049500,1307811.70000000
1512000000,1512086399,0.00049600,0.00058500,0.00048100,0.00052900,1019040.77000000
1512086400,1512172799,0.00052800,0.00055800,0.00051000,0.00051900,851661.73000000
1512172800,1512259199,0.00052000,0.00055500,0.00051000,0.00054100,697877.18000000
1512259200,1512345599,0.00053800,0.00059000,0.00052700,0.00054500,709645.36000000
1512345600,1512431999,0.00054600,0.00065100,0.00053300,0.00064400,840572.64000000
1512432000,1512518399,0.00064400,0.00069500,0.00059900,0.00063800,1242511.53000000
1512518400,1512604799,0.00063800,0.00064200,0.00052900,0.00054900,1117112.20000000
1512604800,1512691199,0.00055000,0.00078200,0.00048600,0.00051600,1917464.32000000
1512691200,1512777599,0.00051600,0.00065000,0.00043900,0.00055500,1282620.03000000
1512777600,1512863999,0.00055600,0.00064600,0.00053200,0.00061000,999338.65000000
1512864000,1512950399,0.00061300,0.00067900,0.00052400,0.00059400,1100557.23000000
1512950400,1513036799,0.00059400,0.00067500,0.00055600,0.00063400,1130023.62000000
1513036800,1513123199,0.00064000,0.00066500,0.00056300,0.00058800,1039016.14000000
1513123200,1513209599,0.00058800,0.00059600,0.00055000,0.00057700,950357.34000000
1513209600,1513295999,0.00057800,0.00061600,0.00055900,0.00059500,900096.00000000
1513296000,1513382399,0.00059200,0.00059600,0.00050100,0.00056000,796848.49000000
1513382400,1513468799,0.00056000,0.00060200,0.00050600,0.00055600,671566.38000000
1513468800,1513555199,0.00055800,0.00063600,0.00052700,0.00057500,899647.07000000
1513555200,1513641599,0.00057500,0.00074900,0.00057200,0.00066800,990691.90000000
1513641600,1513727999,0.00066800,0.00074900,0.00063000,0.00069300,835120.86000000
1513728000,1513814399,0.00069400,0.00070600,0.00061000,0.00067900,871142.19000000
1513814400,1513900799,0.00067900,0.00087200,0.00067500,0.00082200,1745908.44000000
1513900800,1513987199,0.00082200,0.00084700,0.00064300,0.00073500,1282935.56000000
1513987200,1514073599,0.00073200,0.00106300,0.00071100,0.00093100,1742447.11000000
1514073600,1514159999,0.00093700,0.00112400,0.00087600,0.00102900,1639306.01000000
1514160000,1514246399,0.00102900,0.00120000,0.00096500,0.00109000,1272123.78000000
1514246400,1514332799,0.00107600,0.00115000,0.00082100,0.00093100,1361126.26000000
1514332800,1514419199,0.00093700,0.00096000,0.00077500,0.00089000,859003.81000000
1514419200,1514505599,0.00089000,0.00105900,0.00081300,0.00098100,907971.43000000
1514505600,1514591999,0.00098700,0.00109600,0.00097000,0.00104300,698082.18000000
1514592000,1514678399,0.00104300,0.00106800,0.00096600,0.00101300,590013.48000000
1514678400,1514764799,0.00101300,0.00104900,0.00097500,0.00100600,520911.47000000
1514764800,1514851199,0.00100600,0.00128900,0.00099000,0.00116600,1039628.95000000
1514851200,1514937599,0.00116600,0.00121800,0.00089300,0.00108300,802149.06000000
1514937600,1515023999,0.00108500,0.00117300,0.00097000,0.00110500,624466.50000000
1515024000,1515110399,0.00110500,0.00119500,0.00101000,0.00104600,764842.97000000
1515110400,1515196799,0.00104600,0.00110200,0.00086000,0.00089500,714778.52000000
1515196800,1515283199,0.00089500,0.00104100,0.00085000,0.00093500,492069.94000000
1515283200,1515369599,0.00093500,0.00108200,0.00092200,0.00104800,493094.81000000
1515369600,1515455999,0.00105000,0.00165000,0.00104800,0.00146500,1767225.62000000
1515456000,1515542399,0.00146500,0.00162000,0.00128800,0.00132700,932882.74000000
1515542400,1515628799,0.00132000,0.00139000,0.00123800,0.00128900,411999.24000000
1515628800,1515715199,0.00129500,0.00130400,0.00113000,0.00120500,500472.22000000
1515715200,1515801599,0.00120000,0.00146000,0.00118000,0.00134200,575709.57000000
1515801600,1515887999,0.00134600,0.00143000,0.00128200,0.00139000,313289.08000000
1515888000,1515974399,0.00139500,0.00147400,0.00127600,0.00144800,397488.36000000
1515974400,1516060799,0.00145300,0.00168100,0.00139700,0.00153000,1092065.97000000
1516060800,1516147199,0.00153000,0.00154800,0.00113500,0.00132300,674292.44000000
1516147200,1516233599,0.00132200,0.00140000,0.00110400,0.00132200,568030.06000000
1516233600,1516319999,0.00132400,0.00139800,0.00124000,0.00128100,493155.38000000
1516320000,1516406399,0.00128100,0.00134300,0.00124900,0.00129200,279423.81000000
1516406400,1516492799,0.00129000,0.00133000,0.00118900,0.00125500,353757.74000000
1516492800,1516579199,0.00125500,0.00125500,0.00111000,0.00116400,343539.63000000
1516579200,1516665599,0.00116400,0.00120900,0.00105800,0.00107500,475848.29000000
1516665600,1516751999,0.00107500,0.00119000,0.00106100,0.00115400,408842.70000000
1516752000,1516838399,0.00115600,0.00116200,0.00110300,0.00112300,254586.55000000
1516838400,1516924799,0.00112300,0.00115100,0.00110100,0.00113000,258212.42000000
1516924800,1517011199,0.00113100,0.00129500,0.00107300,0.00120400,686190.19000000
1517011200,1517097599,0.00120400,0.00141500,0.00120100,0.00127200,994804.16000000
1517097600,1517183999,0.00127100,0.00128200,0.00119600,0.00122500,406659.12000000
1517184000,1517270399,0.00122600,0.00130000,0.00120000,0.00129200,372961.20000000
1517270400,1517356799,0.00129200,0.00131000,0.00116700,0.00118100,390043.54000000
1517356800,1517443199,0.00118100,0.00126800,0.00113500,0.00120100,341158.13000000
1517443200,1517529599,0.00120200,0.00125300,0.00106700,0.00110800,343623.92000000
1517529600,1517615999,0.00110800,0.00111100,0.00090900,0.00105600,551302.95000000
1517616000,1517702399,0.00105800,0.00109900,0.00101300,0.00106500,235745.06000000
1517702400,1517788799,0.00106200,0.00106300,0.00093700,0.00096200,391163.55000000
1517788800,1517875199,0.00096500,0.00099500,0.00082000,0.00087200,427793.60000000
1517875200,1517961599,0.00087100,0.00093200,0.00076500,0.00087500,563347.81000000
1517961600,1518047999,0.00087500,0.00093000,0.00082200,0.00083900,510447.77000000
1518048000,1518134399,0.00083800,0.00084500,0.00083000,0.00084500,4823.60000000
1518134400,1518220799,0.00084400,0.00095700,0.00084100,0.00093200,298393.50000000
1518220800,1518307199,0.00093200,0.00096000,0.00083500,0.00089700,440401.69000000
1518307200,1518393599,0.00089800,0.00090700,0.00082500,0.00085400,237073.74000000
1518393600,1518479999,0.00085400,0.00089600,0.00081800,0.00088500,331137.60000000
1518480000,1518566399,0.00088200,0.00093600,0.00087400,0.00091600,516747.24000000
1518566400,1518652799,0.00091500,0.00103900,0.00091100,0.00097000,883638.95000000
1518652800,1518739199,0.00097000,0.00101900,0.00090100,0.00092000,453941.21000000
1518739200,1518825599,0.00092000,0.00095400,0.00089100,0.00092000,296000.29000000
1518825600,1518911999,0.00092000,0.00094000,0.00084100,0.00086200,411745.42000000
1518912000,1518998399,0.00086600,0.00089200,0.00083400,0.00086400,377552.89000000
1518998400,1519084799,0.00086500,0.00092200,0.00082500,0.00086900,760057.05000000
1519084800,1519171199,0.00086700,0.00088700,0.00077100,0.00077400,549950.35000000
1519171200,1519257599,0.00077500,0.00080000,0.00072700,0.00076000,509130.47000000
1519257600,1519343999,0.00076100,0.00076700,0.00069600,0.00071700,451298.46000000
1519344000,1519430399,0.00071700,0.00077300,0.00070200,0.00075400,416563.64000000
1519430400,1519516799,0.00075400,0.00077100,0.00069900,0.00073700,431487.02000000
1519516800,1519603199,0.00073700,0.00076700,0.00073000,0.00075200,265331.80000000
1519603200,1519689599,0.00075400,0.00076100,0.00070700,0.00073100,357275.20000000
1519689600,1519775999,0.00073100,0.00074300,0.00071300,0.00072400,211055.52000000
1519776000,1519862399,0.00072700,0.00073400,0.00069900,0.00070600,269355.00000000
1519862400,1519948799,0.00070600,0.00070900,0.00066600,0.00069000,296784.83000000
1519948800,1520035199,0.00069300,0.00076600,0.00067100,0.00072700,583002.67000000
1520035200,1520121599,0.00072700,0.00078700,0.00070300,0.00071600,1010489.10000000
1520121600,1520207999,0.00071600,0.00074400,0.00070200,0.00072200,316743.43000000
1520208000,1520294399,0.00072000,0.00074000,0.00069600,0.00070000,381225.89000000
1520294400,1520380799,0.00070000,0.00071200,0.00065000,0.00067900,398775.90000000
1520380800,1520467199,0.00067900,0.00068900,0.00061000,0.00062500,590511.82000000
1520467200,1520553599,0.00062500,0.00065600,0.00061500,0.00062000,340325.61000000
1520553600,1520639999,0.00062000,0.00062600,0.00057800,0.00061400,361163.40000000
1520640000,1520726399,0.00061300,0.00063600,0.00059200,0.00060100,281191.53000000
1520726400,1520812799,0.00060500,0.00061500,0.00058100,0.00060700,180366.39000000
1520812800,1520899199,0.00061000,0.00061600,0.00058200,0.00059300,225384.27000000
1520899200,1520985599,0.00059300,0.00060400,0.00056900,0.00059100,310152.37000000
1520985600,1521071999,0.00059100,0.00060700,0.00057200,0.00058300,323894.82000000
1521072000,1521158399,0.00058300,0.00058300,0.00053900,0.00056800,585770.05000000
1521158400,1521244799,0.00056800,0.00057990,0.00055200,0.00055600,643137.40000000
1521244800,1521331199,0.00055600,0.00055850,0.00050310,0.00051400,599574.01000000
1521331200,1521417599,0.00051400,0.00055130,0.00046100,0.00052600,900082.81000000
1521417600,1521503999,0.00052600,0.00056890,0.00051260,0.00056240,925729.17000000
1521504000,1521590399,0.00056390,0.00058990,0.00054400,0.00057810,966739.29000000
1521590400,1521676799,0.00057860,0.00061930,0.00057330,0.00059870,1262534.71000000
1521676800,1521763199,0.00059870,0.00060940,0.00056550,0.00058820,1011614.29000000
1521763200,1521849599,0.00058940,0.00059440,0.00056370,0.00057520,939918.93000000
1521849600,1521935999,0.00057520,0.00062330,0.00057490,0.00060280,1228626.40000000
1521936000,1522022399,0.00060280,0.00064500,0.00058600,0.00064360,1005733.52000000
1522022400,1522108799,0.00064210,0.00064700,0.00057250,0.00059790,1143336.95000000
1522108800,1522195199,0.00059780,0.00059990,0.00056090,0.00056320,912503.78000000
1522195200,1522281599,0.00056330,0.00061900,0.00055110,0.00057490,1362027.52000000
1522281600,1522367999,0.00057500,0.00057740,0.00052100,0.00054110,1073700.43000000
1522368000,1522454399,0.00054220,0.00054990,0.00052860,0.00053180,813855.93000000
1522454400,1522540799,0.00053250,0.00054580,0.00052800,0.00053460,754909.48000000
1522540800,1522627199,0.00053450,0.00053750,0.00048440,0.00049420,994687.75000000
1522627200,1522713599,0.00049420,0.00053400,0.00048260,0.00051400,1145875.93000000
1522713600,1522799999,0.00051690,0.00054590,0.00051380,0.00054290,1130058.90000000
1522800000,1522886399,0.00054290,0.00054640,0.00050580,0.00052130,1119094.12000000
1522886400,1522972799,0.00052120,0.00053970,0.00050180,0.00051550,1142503.95000000
1522972800,1523059199,0.00051560,0.00053450,0.00050030,0.00053400,1088077.25000000
1523059200,1523145599,0.00053370,0.00056000,0.00052240,0.00054290,1219147.07000000
1523145600,1523231999,0.00054260,0.00054550,0.00053060,0.00053490,842012.29000000
1523232000,1523318399,0.00053480,0.00054390,0.00052330,0.00052810,688848.90000000
1523318400,1523404799,0.00052870,0.00056090,0.00052000,0.00054770,960466.72000000
1523404800,1523491199,0.00054710,0.00059850,0.00054390,0.00058240,1623710.54000000
1523491200,1523577599,0.00058360,0.00058850,0.00053410,0.00057140,1160640.41000000
1523577600,1523663999,0.00057140,0.00061450,0.00056110,0.00058620,1422175.83000000
1523664000,1523750399,0.00058620,0.00059880,0.00056820,0.00059140,931766.83000000
1523750400,1523836799,0.00059020,0.00060920,0.00058470,0.00060610,895243.00000000
1523836800,1523923199,0.00060700,0.00061080,0.00058290,0.00060200,916014.35000000
1523923200,1524009599,0.00060180,0.00064440,0.00059810,0.00062990,1259249.47000000
1524009600,1524095999,0.00062990,0.00069600,0.00062850,0.00068900,1361464.60000000
1524096000,1524182399,0.00068950,0.00070870,0.00068150,0.00069640,1107160.57000000
1524182400,1524268799,0.00069730,0.00070370,0.00066760,0.00067910,1192748.34000000
1524268800,1524355199,0.00067970,0.00069400,0.00061760,0.00065030,1071239.30000000
1524355200,1524441599,0.00065060,0.00068000,0.00063430,0.00065220,859809.34000000
1524441600,1524527999,0.00065200,0.00069660,0.00065000,0.00068530,1012086.03000000
1524528000,1524614399,0.00068520,0.00072300,0.00067600,0.00068340,1370570.13000000
1524614400,1524700799,0.00068670,0.00068670,0.00062690,0.00065140,1188264.00000000
1524700800,1524787199,0.00065140,0.00069000,0.00064000,0.00067050,989841.62000000
1524787200,1524873599,0.00067100,0.00069820,0.00066100,0.00067020,1118080.23000000
1524873600,1524959999,0.00067010,0.00069830,0.00066730,0.00069480,1035666.55000000
1524960000,1525046399,0.00069480,0.00081500,0.00068820,0.00075230,3096848.88000000
1525046400,1525132799,0.00075360,0.00077350,0.00071250,0.00073170,1392196.30000000
1525132800,1525219199,0.00073170,0.00081000,0.00070750,0.00079630,1695479.42000000
1525219200,1525305599,0.00079630,0.00085690,0.00079000,0.00082640,1986153.81000000
1525305600,1525391999,0.00082780,0.00083930,0.00078090,0.00078250,1280300.87000000
1525392000,1525478399,0.00078310,0.00083170,0.00073500,0.00082980,1406875.96000000
1525478400,1525564799,0.00082980,0.00086640,0.00080800,0.00083240,1987180.83000000
1525564800,1525651199,0.00083230,0.00083500,0.00078650,0.00081800,1004697.31000000
1525651200,1525737599,0.00081810,0.00083030,0.00077000,0.00081330,985549.85000000
1525737600,1525823999,0.00081310,0.00083220,0.00078110,0.00081740,957270.09000000
1525824000,1525910399,0.00081740,0.00082000,0.00075200,0.00076050,1053079.20000000
1525910400,1525996799,0.00075990,0.00077980,0.00072600,0.00072690,993274.80000000
1525996800,1526083199,0.00072680,0.00073610,0.00065000,0.00067260,1223057.66000000
1526083200,1526169599,0.00067260,0.00073700,0.00066300,0.00070860,1006645.25000000
1526169600,1526255999,0.00070900,0.00075850,0.00070250,0.00074650,867691.96000000
1526256000,1526342399,0.00074630,0.00074640,0.00070910,0.00072080,806150.15000000
1526342400,1526428799,0.00072240,0.00073950,0.00069110,0.00069260,750087.33000000
1526428800,1526515199,0.00069280,0.00075250,0.00068000,0.00075110,1109104.12000000
1526515200,1526601599,0.00074860,0.00076460,0.00070000,0.00070000,784633.75000000
1526601600,1526687999,0.00069990,0.00072010,0.00068440,0.00070710,707896.16000000
1526688000,1526774399,0.00070710,0.00071040,0.00068780,0.00069740,634375.19000000
1526774400,1526860799,0.00069740,0.00070000,0.00068300,0.00069150,660679.69000000
1526860800,1526947199,0.00069230,0.00069900,0.00067310,0.00068400,666964.61000000
1526947200,1527033599,0.00068400,0.00074990,0.00068300,0.00071460,1421410.75000000
1527033600,1527119999,0.00071760,0.00074500,0.00067800,0.00071510,935315.38000000
1527120000,1527206399,0.00071520,0.00080000,0.00068750,0.00070090,2236656.55000000
1527206400,1527292799,0.00070090,0.00071000,0.00066100,0.00066530,815502.44000000
1527292800,1527379199,0.00066530,0.00067690,0.00065340,0.00065730,623384.37000000
1527379200,1527465599,0.00065740,0.00065920,0.00062520,0.00062790,628845.29000000
1527465600,1527551999,0.00062780,0.00062820,0.00057500,0.00057560,793711.81000000
1527552000,1527638399,0.00057650,0.00061510,0.00057000,0.00060360,729061.66000000
1527638400,1527724799,0.00060420,0.00061490,0.00057590,0.00058940,775935.11000000
1527724800,1527811199,0.00058930,0.00059950,0.00058300,0.00059220,660577.30000000
1527811200,1527897599,0.00059200,0.00059470,0.00057730,0.00058470,661993.09000000
1527897600,1527983999,0.00058470,0.00060300,0.00058100,0.00059340,740535.36000000
1527984000,1528070399,0.00059490,0.00061290,0.00059340,0.00060600,745880.79000000
1528070400,1528156799,0.00060620,0.00061500,0.00057070,0.00057950,713926.50000000
1528156800,1528243199,0.00057950,0.00059540,0.00057500,0.00059170,639528.36000000
1528243200,1528329599,0.00059190,0.00059270,0.00057200,0.00058400,665986.71000000
1528329600,1528415999,0.00058400,0.00058940,0.00057610,0.00057720,624394.31000000
1528416000,1528502399,0.00057760,0.00058080,0.00054620,0.00055590,758128.29000000
1528502400,1528588799,0.00055610,0.00056610,0.00054690,0.00054950,597799.14000000
1528588800,1528675199,0.00054990,0.00055150,0.00050550,0.00051460,788886.97000000
1528675200,1528761599,0.00051410,0.00052510,0.00049760,0.00050720,754901.13000000
1528761600,1528847999,0.00050720,0.00052850,0.00050050,0.00050470,879935.63000000
1528848000,1528934399,0.00050470,0.00050770,0.00046000,0.00048090,1207799.43000000
1528934400,1529020799,0.00048080,0.00050200,0.00047000,0.00049510,867891.92000000
1529020800,1529107199,0.00049500,0.00049800,0.00046710,0.00047280,690015.64000000
1529107200,1529193599,0.00047290,0.00048160,0.00043000,0.00046450,856612.91000000
1529193600,1529279999,0.00046520,0.00048320,0.00046030,0.00047730,737091.78000000
1529280000,1529366399,0.00047720,0.00047970,0.00045900,0.00047250,818062.59000000
1529366400,1529452799,0.00047290,0.00047750,0.00045900,0.00046130,675058.43000000
1529452800,1529539199,0.00046170,0.00046590,0.00044010,0.00044240,749614.52000000
1529539200,1529625599,0.00044230,0.00045260,0.00043660,0.00044620,624564.56000000
1529625600,1529711999,0.00044620,0.00045000,0.00041450,0.00041720,910710.79000000
1529712000,1529798399,0.00041750,0.00042320,0.00039510,0.00040980,822112.77000000
1529798400,1529884799,0.00041090,0.00041200,0.00036500,0.00038560,919233.13000000
1529884800,1529971199,0.00038500,0.00039350,0.00037430,0.00039130,645149.66000000
1529971200,1530057599,0.00039080,0.00039890,0.00038200,0.00038200,548716.12000000
1530057600,1530143999,0.00038410,0.00038550,0.00036340,0.00038310,768870.89000000
1530144000,1530230399,0.00038320,0.00038600,0.00035600,0.00036140,601228.87000000
1530230400,1530316799,0.00036190,0.00038510,0.00035800,0.00038110,765367.36000000
1530316800,1530403199,0.00038140,0.00041850,0.00037590,0.00041530,971733.59000000
1530403200,1530489599,0.00041530,0.00042650,0.00039600,0.00041600,854239.22000000
1530489600,1530575999,0.00041650,0.00043300,0.00040430,0.00042430,810346.20000000
1530576000,1530662399,0.00042460,0.00044620,0.00040500,0.00040800,801820.15000000
1530662400,1530748799,0.00040810,0.00042620,0.00040530,0.00040830,417443.71000000
1530748800,1530835199,0.00040930,0.00041710,0.00038820,0.00039710,741959.75000000
1530835200,1530921599,0.00039710,0.00042000,0.00038500,0.00039160,659446.37000000
1530921600,1531007999,0.00039170,0.00040080,0.00038390,0.00039370,710508.38000000
1531008000,1531094399,0.00039400,0.00039600,0.00038310,0.00039010,654829.71000000
1531094400,1531180799,0.00039010,0.00039200,0.00036890,0.00037250,617018.65000000
1531180800,1531267199,0.00037250,0.00037260,0.00035610,0.00036700,731987.59000000
1531267200,1531353599,0.00036700,0.00038770,0.00036160,0.00037650,651638.49000000
1531353600,1531439999,0.00037650,0.00037850,0.00036470,0.00036830,590624.46000000
1531440000,1531526399,0.00036850,0.00038200,0.00036290,0.00036750,738855.97000000
1531526400,1531612799,0.00036770,0.00038010,0.00036600,0.00037410,729648.92000000
1531612800,1531699199,0.00037320,0.00038890,0.00037230,0.00038450,637359.13000000
1531699200,1531785599,0.00038390,0.00039880,0.00037910,0.00039290,609447.40000000
1531785600,1531871999,0.00039250,0.00043380,0.00038910,0.00041950,1279787.80000000
1531872000,1531958399,0.00041970,0.00046400,0.00040510,0.00041510,1400758.65000000
1531958400,1532044799,0.00041520,0.00042300,0.00038680,0.00039450,686350.74000000
1532044800,1532131199,0.00039440,0.00040000,0.00035350,0.00035350,766914.84000000
1532131200,1532217599,0.00035390,0.00038490,0.00035390,0.00037080,620519.20000000
1532217600,1532303999,0.00037130,0.00038980,0.00036850,0.00037090,619405.83000000
1532304000,1532390399,0.00037100,0.00037940,0.00035000,0.00035560,489975.69000000
1532390400,1532476799,0.00035450,0.00035700,0.00031030,0.00032260,916246.79000000
1532476800,1532563199,0.00032260,0.00037500,0.00032120,0.00035470,907147.95000000
1532563200,1532649599,0.00035460,0.00038000,0.00033710,0.00034290,734476.26000000
1532649600,1532735999,0.00034240,0.00036300,0.00033300,0.00034830,253649.67000000
1532736000,1532822399,0.00034860,0.00036080,0.00034410,0.00036030,209181.69000000
1532822400,1532908799,0.00036030,0.00037000,0.00035230,0.00035670,295616.41000000
1532908800,1532995199,0.00035860,0.00036080,0.00033800,0.00034830,214626.08000000
1532995200,1533081599,0.00034670,0.00035010,0.00032120,0.00032340,210240.27000000
1533081600,1533167999,0.00032320,0.00033170,0.00031480,0.00031940,192741.36000000
1533168000,1533254399,0.00031940,0.00031940,0.00027870,0.00029170,471615.24000000
1533254400,1533340799,0.00029080,0.00036990,0.00026780,0.00027960,536611.32000000
1533340800,1533427199,0.00027940,0.00029190,0.00027630,0.00028410,209507.20000000
1533427200,1533513599,0.00028420,0.00029030,0.00027550,0.00029000,233258.32000000
1533513600,1533599999,0.00028950,0.00029340,0.00028120,0.00028390,154336.41000000
1533600000,1533686399,0.00028420,0.00029490,0.00027380,0.00027710,258946.85000000
1533686400,1533772799,0.00027710,0.00027900,0.00025610,0.00026200,250455.05000000
1533772800,1533859199,0.00026190,0.00027690,0.00025600,0.00026690,168706.44000000
1533859200,1533945599,0.00026940,0.00027150,0.00026180,0.00026270,109267.48000000
1533945600,1534031999,0.00026270,0.00026310,0.00023880,0.00024960,162583.17000000
1534032000,1534118399,0.00024980,0.00026000,0.00024810,0.00025230,154690.70000000
1534118400,1534204799,0.00025230,0.00025730,0.00022060,0.00022310,250428.09000000
1534204800,1534291199,0.00022320,0.00022530,0.00018330,0.00020450,510529.52000000
1534291200,1534377599,0.00020440,0.00021770,0.00020270,0.00020500,207622.18000000
1534377600,1534463999,0.00020570,0.00021480,0.00020000,0.00021020,132991.30000000
1534464000,1534550399,0.00021020,0.00024590,0.00020910,0.00023850,482180.77000000
1534550400,1534636799,0.00023850,0.00025050,0.00021570,0.00022140,389856.38000000
1534636800,1534723199,0.00022250,0.00023740,0.00021940,0.00023160,140261.01000000
1534723200,1534809599,0.00023160,0.00023480,0.00021810,0.00021980,162806.71000000
1534809600,1534895999,0.00021940,0.00022720,0.00021760,0.00022120,112211.15000000
1534896000,1534982399,0.00022120,0.00023120,0.00019500,0.00020590,230930.17000000
1534982400,1535068799,0.00020530,0.00021800,0.00020440,0.00021290,199530.79000000
1535068800,1535155199,0.00021310,0.00023020,0.00021120,0.00022680,240552.30000000
1535155200,1535241599,0.00022680,0.00023030,0.00021780,0.00022590,175457.55000000
1535241600,1535327999,0.00022550,0.00023600,0.00021840,0.00023020,260533.03000000
1535328000,1535414399,0.00023020,0.00024700,0.00022790,0.00024610,517486.47000000
1535414400,1535500799,0.00024610,0.00024670,0.00023240,0.00024150,386746.08000000
1535500800,1535587199,0.00024150,0.00024190,0.00022210,0.00022670,359545.94000000
1535587200,1535673599,0.00022800,0.00023050,0.00021410,0.00021920,220860.16000000
1535673600,1535759999,0.00021920,0.00022760,0.00021730,0.00022250,176071.23000000
1535760000,1535846399,0.00022250,0.00025020,0.00022110,0.00023720,587497.43000000
1535846400,1535932799,0.00023730,0.00024350,0.00022930,0.00023670,262657.69000000
1535932800,1536019199,0.00023770,0.00025000,0.00022830,0.00024680,413378.20000000
1536019200,1536105599,0.00024680,0.00027080,0.00024520,0.00026910,889089.62000000
1536105600,1536191999,0.00026840,0.00029160,0.00023250,0.00023320,1777859.21000000
1536192000,1536278399,0.00023260,0.00026960,0.00022930,0.00024660,691782.75000000
1536278400,1536364799,0.00024660,0.00025000,0.00023000,0.00023300,414765.57000000
1536364800,1536451199,0.00023300,0.00024040,0.00021890,0.00022450,341428.72000000
1536451200,1536537599,0.00022410,0.00023740,0.00021410,0.00021940,321976.45000000
1536537600,1536623999,0.00021970,0.00024020,0.00021550,0.00022170,396336.35000000
1536624000,1536710399,0.00022130,0.00022360,0.00020330,0.00020990,198109.93000000
1536710400,1536796799,0.00020990,0.00021170,0.00018980,0.00020900,372335.71000000
1536796800,1536883199,0.00020910,0.00021800,0.00020500,0.00021300,274195.34000000
1536883200,1536969599,0.00021300,0.00022740,0.00020840,0.00022040,391846.08000000
1536969600,1537055999,0.00022040,0.00022710,0.00021290,0.00021600,178744.15000000
1537056000,1537142399,0.00021640,0.00021890,0.00020650,0.00021500,249299.98000000
1537142400,1537228799,0.00021510,0.00022170,0.00019970,0.00020330,535780.72000000
1537228800,1537315199,0.00020310,0.00021670,0.00019910,0.00020820,373199.78000000
1537315200,1537401599,0.00020820,0.00021330,0.00020100,0.00020690,238834.19000000
1537401600,1537487999,0.00020690,0.00021600,0.00020370,0.00021400,403444.56000000
1537488000,1537574399,0.00021400,0.00023720,0.00020970,0.00023250,1065048.72000000
1537574400,1537660799,0.00023310,0.00023510,0.00021330,0.00022520,403506.08000000
1537660800,1537747199,0.00022520,0.00024130,0.00022330,0.00023580,441077.02000000
1537747200,1537833599,0.00023580,0.00024500,0.00022400,0.00024200,511947.98000000
1537833600,1537919999,0.00024190,0.00024480,0.00022400,0.00024390,419100.70000000
1537920000,1538006399,0.00024390,0.00025530,0.00023330,0.00023990,527257.22000000
1538006400,1538092799,0.00023950,0.00024530,0.00023550,0.00023840,231366.88000000
1538092800,1538179199,0.00023840,0.00024120,0.00023380,0.00023580,149260.25000000
1538179200,1538265599,0.00023580,0.00025480,0.00023370,0.00024560,265333.60000000
1538265600,1538351999,0.00024560,0.00024880,0.00023620,0.00023930,186384.05000000
1538352000,1538438399,0.00024030,0.00024350,0.00023630,0.00024000,136637.57000000
1538438400,1538524799,0.00023920,0.00024100,0.00023420,0.00023560,111119.99000000
1538524800,1538611199,0.00023560,0.00023650,0.00022320,0.00022680,180535.05000000
1538611200,1538697599,0.00022680,0.00023450,0.00022550,0.00023180,173845.25000000
1538697600,1538783999,0.00023070,0.00023880,0.00022790,0.00023470,163230.10000000
1538784000,1538870399,0.00023580,0.00023990,0.00022450,0.00022690,270234.98000000
1538870400,1538956799,0.00022690,0.00022790,0.00022000,0.00022770,147473.58000000
1538956800,1539043199,0.00022770,0.00023250,0.00022520,0.00023080,159200.80000000
1539043200,1539129599,0.00023130,0.00023330,0.00022650,0.00022690,174860.83000000
1539129600,1539215999,0.00022690,0.00023060,0.00022430,0.00023020,223343.83000000
1539216000,1539302399,0.00023020,0.00023060,0.00020600,0.00020920,429829.99000000
1539302400,1539388799,0.00020820,0.00021420,0.00020230,0.00021100,185921.58000000
1539388800,1539475199,0.00021100,0.00022000,0.00021100,0.00021740,191018.19000000
1539475200,1539561599,0.00021760,0.00021930,0.00021260,0.00021260,159761.34000000
1539561600,1539647999,0.00021260,0.00023000,0.00020100,0.00022040,611614.78000000
1539648000,1539734399,0.00022020,0.00022180,0.00021370,0.00021660,231610.78000000
1539734400,1539820799,0.00021660,0.00022500,0.00021400,0.00022150,282135.06000000
1539820800,1539907199,0.00022130,0.00022750,0.00020920,0.00021300,330410.85000000
1539907200,1539993599,0.00021220,0.00022110,0.00020970,0.00021360,157219.56000000
1539993600,1540079999,0.00021430,0.00022420,0.00021290,0.00022010,226912.50000000
1540080000,1540166399,0.00022020,0.00022450,0.00021870,0.00021900,155156.24000000
1540166400,1540252799,0.00021900,0.00024500,0.00021670,0.00023560,782887.44000000
1540252800,1540339199,0.00023490,0.00023650,0.00022830,0.00023470,423143.56000000
1540339200,1540425599,0.00023470,0.00029200,0.00023370,0.00026410,5149410.69000000
1540425600,1540511999,0.00026480,0.00028000,0.00025670,0.00026310,2682006.88000000
1540512000,1540598399,0.00026310,0.00026460,0.00025090,0.00025750,710920.76000000
1540598400,1540684799,0.00025800,0.00027280,0.00025100,0.00025280,937780.44000000
1540684800,1540771199,0.00025230,0.00026210,0.00024860,0.00025680,504662.00000000
1540771200,1540857599,0.00025690,0.00026060,0.00023650,0.00023820,757347.16000000
1540857600,1540943999,0.00023840,0.00024470,0.00023730,0.00024060,284527.34000000
1540944000,1541030399,0.00024060,0.00024340,0.00023210,0.00023980,332758.27000000
1541030400,1541116799,0.00023980,0.00025010,0.00023860,0.00024530,355711.76000000
1541116800,1541203199,0.00024530,0.00026790,0.00024440,0.00025490,922228.94000000
1541203200,1541289599,0.00025470,0.00025720,0.00024630,0.00024880,321187.94000000
1541289600,1541375999,0.00024880,0.00025170,0.00024120,0.00024470,335292.63000000
1541376000,1541462399,0.00024400,0.00024990,0.00023890,0.00024080,359258.96000000
1541462400,1541548799,0.00024060,0.00024170,0.00023400,0.00024000,386249.61000000
1541548800,1541635199,0.00024000,0.00024630,0.00023820,0.00024350,370730.61000000
1541635200,1541721599,0.00024350,0.00024420,0.00023530,0.00023820,237122.97000000
1541721600,1541807999,0.00023760,0.00024060,0.00022790,0.00022890,292358.38000000
1541808000,1541894399,0.00022880,0.00023270,0.00022670,0.00023180,138930.84000000
1541894400,1541980799,0.00023180,0.00023260,0.00021920,0.00022360,293870.72000000
1541980800,1542067199,0.00022360,0.00022910,0.00021300,0.00021890,457745.60000000
1542067200,1542153599,0.00021830,0.00022190,0.00020800,0.00021050,295036.29000000
1542153600,1542239999,0.00021050,0.00021540,0.00018120,0.00019890,1133031.85000000
1542240000,1542326399,0.00019870,0.00019940,0.00017800,0.00019120,1144482.51000000
1542326400,1542412799,0.00019150,0.00019190,0.00018400,0.00018810,388048.82000000
1542412800,1542499199,0.00018880,0.00020250,0.00017590,0.00019680,615528.75000000
1542499200,1542585599,0.00019670,0.00019850,0.00018940,0.00019190,348233.67000000
1542585600,1542671999,0.00019190,0.00019190,0.00016750,0.00017650,1046904.08000000
1542672000,1542758399,0.00017650,0.00018500,0.00015100,0.00017110,1023766.07000000
1542758400,1542844799,0.00017040,0.00018500,0.00016650,0.00018250,443003.35000000
1542844800,1542931199,0.00018250,0.00018690,0.00017630,0.00017760,345543.24000000
1542931200,1543017599,0.00017750,0.00018890,0.00017420,0.00018610,463340.04000000
1543017600,1543103999,0.00018610,0.00019130,0.00016840,0.00017390,537112.36000000
1543104000,1543190399,0.00017340,0.00018000,0.00016750,0.00017280,578477.76000000
1543190400,1543276799,0.00017280,0.00017660,0.00016770,0.00017370,404620.21000000
1543276800,1543363199,0.00017450,0.00017940,0.00017030,0.00017720,329279.73000000
1543363200,1543449599,0.00017760,0.00020100,0.00017470,0.00019250,809106.11000000
1543449600,1543535999,0.00019250,0.00020110,0.00018390,0.00018590,405956.62000000
1543536000,1543622399,0.00018590,0.00019070,0.00018260,0.00018580,247849.38000000
1543622400,1543708799,0.00018560,0.00019300,0.00018320,0.00018670,283004.24000000
1543708800,1543795199,0.00018670,0.00020420,0.00018560,0.00019220,765241.27000000
1543795200,1543881599,0.00019230,0.00020410,0.00018880,0.00019580,620724.37000000
1543881600,1543967999,0.00019580,0.00024210,0.00019540,0.00022640,2833442.19000000
1543968000,1544054399,0.00022550,0.00023500,0.00020670,0.00020910,1362712.87000000
1544054400,1544140799,0.00020850,0.00021500,0.00000300,0.00018280,1372737.28000000
1544140800,1544227199,0.00018310,0.00019200,0.00017710,0.00018650,575653.17000000
1544227200,1544313599,0.00018620,0.00019010,0.00018000,0.00018600,317693.86000000
1544313600,1544399999,0.00018590,0.00019510,0.00018290,0.00019000,175603.87000000
1544400000,1544486399,0.00019110,0.00020480,0.00018250,0.00018860,435771.44000000
1544486400,1544572799,0.00018860,0.00018970,0.00018340,0.00018740,225314.62000000
1544572800,1544659199,0.00018670,0.00020000,0.00018600,0.00018940,463053.76000000
1544659200,1544745599,0.00018940,0.00019200,0.00017890,0.00018070,282550.65000000
1544745600,1544831999,0.00018070,0.00018140,0.00016700,0.00017420,545997.69000000
1544832000,1544918399,0.00017380,0.00019820,0.00017250,0.00019080,836039.09000000
1544918400,1545004799,0.00019150,0.00020660,0.00018270,0.00019380,1807309.78000000
1545004800,1545091199,0.00019350,0.00021000,0.00018510,0.00020310,809346.33000000
1545091200,1545177599,0.00020360,0.00025770,0.00019420,0.00024860,3217134.12000000
1545177600,1545263999,0.00024920,0.00034400,0.00024150,0.00028660,13739885.70000000
1545264000,1545350399,0.00028650,0.00039860,0.00027230,0.00036260,17564860.55000000
1545350400,1545436799,0.00036330,0.00037800,0.00030000,0.00031970,7282540.15000000
1545436800,1545523199,0.00031960,0.00037000,0.00031000,0.00035550,6569636.06000000
1545523200,1545609599,0.00035550,0.00037410,0.00033430,0.00036470,3370374.26000000
1545609600,1545695999,0.00036440,0.00042250,0.00033950,0.00040800,6633744.17000000
1545696000,1545782399,0.00040810,0.00040860,0.00034400,0.00037510,4268366.12000000
1545782400,1545868799,0.00037520,0.00038920,0.00033290,0.00035000,2819029.47000000
1545868800,1545955199,0.00034940,0.00037640,0.00033030,0.00035070,3696174.13000000
1545955200,1546041599,0.00035070,0.00035660,0.00030980,0.00034280,2987056.80000000
1546041600,1546127999,0.00034280,0.00034500,0.00031290,0.00032080,1961131.53000000
1546128000,1546214399,0.00031990,0.00032630,0.00029940,0.00031170,1419201.96000000
1546214400,1546300799,0.00031100,0.00031160,0.00028070,0.00028660,1822405.77000000
1546300800,1546387199,0.00028610,0.00031400,0.00028350,0.00030240,1795205.95000000
1546387200,1546473599,0.00030240,0.00031770,0.00029180,0.00029650,1668373.02000000
1546473600,1546559999,0.00029560,0.00029670,0.00028200,0.00028980,990605.97000000
1546560000,1546646399,0.00028920,0.00029120,0.00026960,0.00028130,1532135.55000000
1546646400,1546732799,0.00028090,0.00029750,0.00027380,0.00028080,1518184.84000000
1546732800,1546819199,0.00028030,0.00028610,0.00027000,0.00027090,1026859.60000000
1546819200,1546905599,0.00027140,0.00028080,0.00026440,0.00027800,1109897.86000000
1546905600,1546991999,0.00027810,0.00028850,0.00026850,0.00028610,1477702.55000000
1546992000,1547078399,0.00028640,0.00029300,0.00027790,0.00027910,1115577.77000000
1547078400,1547164799,0.00027920,0.00028410,0.00024720,0.00025020,2323056.79000000
1547164800,1547251199,0.00025060,0.00026000,0.00024330,0.00024750,1050475.15000000
1547251200,1547337599,0.00024700,0.00024980,0.00024210,0.00024380,768618.95000000
1547337600,1547423999,0.00024320,0.00024940,0.00022870,0.00023170,913954.98000000
1547424000,1547510399,0.00023180,0.00025530,0.00023130,0.00024740,1013493.50000000
1547510400,1547596799,0.00024740,0.00028380,0.00024690,0.00028180,4196762.50000000
1547596800,1547683199,0.00028200,0.00032810,0.00027840,0.00030700,6307746.01000000
1547683200,1547769599,0.00030720,0.00031960,0.00028500,0.00028950,2000829.85000000
1547769600,1547855999,0.00029050,0.00029460,0.00027080,0.00027180,1403977.57000000
1547856000,1547942399,0.00027180,0.00031400,0.00027060,0.00027990,2129055.94000000
1547942400,1548028799,0.00027940,0.00028300,0.00026500,0.00027580,975193.98000000
1548028800,1548115199,0.00027640,0.00028340,0.00026990,0.00027430,609509.13000000
1548115200,1548201599,0.00027450,0.00028900,0.00026080,0.00027840,1202340.01000000
1548201600,1548287999,0.00027840,0.00030400,0.00027120,0.00028110,2447884.42000000
1548288000,1548374399,0.00028130,0.00028290,0.00027120,0.00027500,694426.08000000
1548374400,1548460799,0.00027500,0.00027590,0.00026510,0.00027070,600859.24000000
1548460800,1548547199,0.00027050,0.00027100,0.00026550,0.00026830,346301.93000000
1548547200,1548633599,0.00026780,0.00026860,0.00025190,0.00025340,680027.53000000
1548633600,1548719999,0.00025340,0.00025580,0.00023340,0.00024150,1075064.31000000
1548720000,1548806399,0.00024160,0.00025530,0.00023000,0.00023550,1180196.82000000
1548806400,1548892799,0.00023550,0.00024970,0.00023220,0.00024180,847198.04000000
1548892800,1548979199,0.00024220,0.00024280,0.00021940,0.00022110,1085061.68000000
1548979200,1549065599,0.00022110,0.00022650,0.00021220,0.00022310,685163.61000000
1549065600,1549151999,0.00022310,0.00025310,0.00022240,0.00023790,1835798.18000000
1549152000,1549238399,0.00023810,0.00023880,0.00022580,0.00023020,1049391.80000000
1549238400,1549324799,0.00022950,0.00023060,0.00022130,0.00022770,608202.98000000
1549324800,1549411199,0.00022690,0.00024000,0.00022030,0.00022150,636566.16000000
1549411200,1549497599,0.00022170,0.00022290,0.00021260,0.00021710,596645.66000000
1549497600,1549583999,0.00021710,0.00022810,0.00021650,0.00022200,743432.59000000
1549584000,1549670399,0.00022260,0.00023450,0.00021840,0.00022230,1032530.26000000
1549670400,1549756799,0.00022440,0.00022510,0.00021510,0.00022010,531540.28000000
1549756800,1549843199,0.00022010,0.00023200,0.00021380,0.00022340,859318.94000000
1549843200,1549929599,0.00022340,0.00022900,0.00021770,0.00022550,705630.36000000
1549929600,1550015999,0.00022560,0.00023220,0.00021930,0.00023050,997406.94000000
1550016000,1550102399,0.00023050,0.00023940,0.00022520,0.00023260,1162735.27000000
1550102400,1550188799,0.00023250,0.00025360,0.00023060,0.00024090,2713371.15000000
1550188800,1550275199,0.00024100,0.00024660,0.00023280,0.00023450,1091043.62000000
1550275200,1550361599,0.00023430,0.00023600,0.00022800,0.00023020,686090.47000000
1550361600,1550447999,0.00023010,0.00024260,0.00022980,0.00023790,1009966.89000000
1550448000,1550534399,0.00023790,0.00023860,0.00022580,0.00022900,1077045.11000000
1550534400,1550620799,0.00022920,0.00024100,0.00022450,0.00023150,1178124.82000000
1550620800,1550707199,0.00023140,0.00023500,0.00022590,0.00023380,628798.90000000
1550707200,1550793599,0.00023380,0.00025250,0.00023210,0.00023610,2067587.74000000
1550793600,1550879999,0.00023610,0.00024000,0.00022730,0.00023400,846523.21000000
1550880000,1550966399,0.00023430,0.00023470,0.00022600,0.00022800,679166.51000000
1550966400,1551052799,0.00022850,0.00023160,0.00021600,0.00021860,1021261.93000000
1551052800,1551139199,0.00021950,0.00022450,0.00021710,0.00022190,621312.37000000
1551139200,1551225599,0.00022210,0.00024000,0.00022060,0.00023130,1185932.86000000
1551225600,1551311999,0.00023130,0.00023670,0.00021880,0.00022640,788334.64000000
1551312000,1551398399,0.00022640,0.00022920,0.00022260,0.00022640,537684.85000000
1551398400,1551484799,0.00022640,0.00022960,0.00022520,0.00022900,692232.14000000
1551484800,1551571199,0.00022900,0.00023300,0.00022350,0.00022700,604402.97000000
1551571200,1551657599,0.00022710,0.00023990,0.00022570,0.00022780,872421.20000000
1551657600,1551743999,0.00022850,0.00023270,0.00021680,0.00022030,740104.55000000
1551744000,1551830399,0.00022040,0.00022500,0.00021950,0.00022140,505062.64000000
1551830400,1551916799,0.00022100,0.00022300,0.00021710,0.00021880,504583.17000000
1551916800,1552003199,0.00021910,0.00022000,0.00021330,0.00021900,641740.16000000
1552003200,1552089599,0.00021890,0.00022480,0.00021360,0.00021620,1048906.53000000
1552089600,1552175999,0.00021610,0.00022390,0.00021490,0.00021970,1252537.50000000
1552176000,1552262399,0.00021940,0.00023350,0.00021840,0.00022790,1773696.40000000
1552262400,1552348799,0.00022820,0.00023980,0.00021750,0.00023430,2094789.50000000
1552348800,1552435199,0.00023360,0.00024900,0.00022690,0.00024260,1861727.72000000
1552435200,1552521599,0.00024270,0.00026210,0.00022730,0.00023560,2791863.08000000
1552521600,1552607999,0.00023550,0.00024770,0.00022790,0.00024500,1595613.62000000
1552608000,1552694399,0.00024480,0.00025300,0.00024140,0.00024820,1007511.75000000
1552694400,1552780799,0.00024820,0.00024890,0.00023520,0.00023860,743560.99000000
1552780800,1552867199,0.00023870,0.00024380,0.00023530,0.00024030,475182.96000000
1552867200,1552953599,0.00024030,0.00024140,0.00023220,0.00023450,555680.98000000
1552953600,1553039999,0.00023360,0.00023500,0.00022800,0.00023080,574207.20000000
1553040000,1553126399,0.00023080,0.00023690,0.00022970,0.00023500,455329.64000000
1553126400,1553212799,0.00023530,0.00023550,0.00021450,0.00022360,1180150.04000000
1553212800,1553299199,0.00022440,0.00022810,0.00022060,0.00022610,465416.41000000
1553299200,1553385599,0.00022570,0.00022710,0.00022260,0.00022620,352239.59000000
1553385600,1553471999,0.00022620,0.00023730,0.00022530,0.00023080,1129966.65000000
1553472000,1553558399,0.00023080,0.00023650,0.00022600,0.00023050,963310.45000000
1553558400,1553644799,0.00023100,0.00023690,0.00022250,0.00023380,1747600.80000000
1553644800,1553731199,0.00023380,0.00024840,0.00023150,0.00024100,2121490.99000000
1553731200,1553817599,0.00024170,0.00024730,0.00023570,0.00024130,1477028.82000000
1553817600,1553903999,0.00024170,0.00024370,0.00023270,0.00023950,1045305.58000000
1553904000,1553990399,0.00023950,0.00024410,0.00023130,0.00023420,784889.42000000
1553990400,1554076799,0.00023390,0.00024460,0.00023260,0.00024110,961028.15000000
1554076800,1554163199,0.00024110,0.00026200,0.00023800,0.00024630,2674074.63000000
1554163200,1554249599,0.00024630,0.00024690,0.00019250,0.00022250,2844409.58000000
1554249600,1554335999,0.00022280,0.00025500,0.00021830,0.00022700,2678796.68000000
1554336000,1554422399,0.00022710,0.00024800,0.00022200,0.00022560,1680151.36000000
1554422400,1554508799,0.00022580,0.00023660,0.00022530,0.00023400,721356.80000000
1554508800,1554595199,0.00023400,0.00023520,0.00022060,0.00022680,780822.72000000
1554595200,1554681599,0.00022670,0.00023950,0.00022220,0.00023450,1268555.20000000
1554681600,1554767999,0.00023450,0.00025200,0.00022590,0.00024810,2203195.53000000
1554768000,1554854399,0.00024810,0.00025000,0.00023190,0.00024140,1485100.69000000
1554854400,1554940799,0.00024140,0.00025300,0.00022730,0.00023180,1635920.01000000
1554940800,1555027199,0.00023140,0.00023740,0.00021320,0.00022920,1608694.30000000
1555027200,1555113599,0.00022880,0.00022940,0.00021530,0.00022480,787586.21000000
1555113600,1555199999,0.00022410,0.00022710,0.00021530,0.00021880,616372.49000000
1555200000,1555286399,0.00021890,0.00022180,0.00021400,0.00021950,529897.54000000
1555286400,1555372799,0.00021910,0.00022250,0.00020550,0.00020880,769786.59000000
1555372800,1555459199,0.00020850,0.00022050,0.00020520,0.00020860,784339.03000000
1555459200,1555545599,0.00020860,0.00021430,0.00020440,0.00020960,465655.71000000
1555545600,1555631999,0.00020960,0.00021610,0.00020770,0.00021110,534322.61000000
1555632000,1555718399,0.00021110,0.00021420,0.00020770,0.00021240,522305.68000000
1555718400,1555804799,0.00021240,0.00021640,0.00020570,0.00021200,554535.78000000
1555804800,1555891199,0.00021190,0.00021230,0.00019510,0.00019990,559037.44000000
1555891200,1555977599,0.00019980,0.00020390,0.00019300,0.00019570,385929.28000000
1555977600,1556063999,0.00019570,0.00019980,0.00017440,0.00017560,943072.89000000
1556064000,1556150399,0.00017560,0.00018000,0.00016080,0.00017030,1197743.93000000
1556150400,1556236799,0.00017020,0.00017500,0.00016380,0.00016700,499035.64000000
1556236800,1556323199,0.00016770,0.00016830,0.00015690,0.00016120,964520.24000000
1556323200,1556409599,0.00016090,0.00017070,0.00016000,0.00016890,304345.10000000
1556409600,1556495999,0.00016890,0.00017210,0.00016100,0.00016200,363759.14000000
1556496000,1556582399,0.00016200,0.00016430,0.00015330,0.00015390,392449.47000000
1556582400,1556668799,0.00015370,0.00016180,0.00015120,0.00016030,547508.20000000
1556668800,1556755199,0.00016030,0.00016180,0.00015380,0.00015530,516281.68000000
1556755200,1556841599,0.00015530,0.00015620,0.00014810,0.00015070,357364.23000000
1556841600,1556927999,0.00015040,0.00015100,0.00013800,0.00014680,623242.33000000
1556928000,1557014399,0.00014680,0.00014680,0.00013810,0.00013880,284101.28000000
1557014400,1557100799,0.00013890,0.00014700,0.00013740,0.00013880,366383.57000000
1557100800,1557187199,0.00013870,0.00014510,0.00013640,0.00014140,407431.02000000
1557187200,1557273599,0.00014120,0.00014260,0.00013240,0.00013330,442741.93000000
1557273600,1557359999,0.00013310,0.00013320,0.00012790,0.00012970,428026.48000000
1557360000,1557446399,0.00012980,0.00013020,0.00011400,0.00011880,548796.17000000
1557446400,1557532799,0.00011890,0.00012850,0.00011550,0.00012460,404656.08000000
1557532800,1557619199,0.00012460,0.00012490,0.00011070,0.00011920,744737.93000000
1557619200,1557705599,0.00011940,0.00012030,0.00011320,0.00011550,408244.65000000
1557705600,1557791999,0.00011530,0.00011890,0.00010000,0.00010320,1752582.74000000
1557792000,1557878399,0.00010310,0.00011110,0.00009950,0.00010270,1752098.85000000
1557878400,1557964799,0.00010270,0.00012000,0.00010120,0.00011800,1303233.75000000
1557964800,1558051199,0.00011810,0.00013080,0.00011120,0.00011600,1926769.08000000
1558051200,1558137599,0.00011580,0.00012700,0.00011010,0.00012430,1454672.21000000
1558137600,1558223999,0.00012420,0.00012520,0.00011600,0.00011850,755013.98000000
1558224000,1558310399,0.00011860,0.00011930,0.00010910,0.00010990,689165.37000000
1558310400,1558396799,0.00010950,0.00011360,0.00010770,0.00011010,525481.37000000
1558396800,1558483199,0.00011030,0.00011890,0.00010880,0.00011760,857785.44000000
1558483200,1558569599,0.00011760,0.00012870,0.00011470,0.00011740,1278028.05000000
1558569600,1558655999,0.00011750,0.00012760,0.00011280,0.00012400,1091733.01000000
1558656000,1558742399,0.00012390,0.00013140,0.00011650,0.00012010,1537510.88000000
1558742400,1558828799,0.00012010,0.00013990,0.00011980,0.00013400,3485086.24000000
1558828800,1558915199,0.00013440,0.00013690,0.00011250,0.00011750,2404486.47000000
1558915200,1559001599,0.00011750,0.00012040,0.00011320,0.00011750,942212.84000000
1559001600,1559087999,0.00011750,0.00011840,0.00011500,0.00011780,677607.74000000
1559088000,1559174399,0.00011760,0.00012520,0.00011660,0.00011980,1083866.74000000
1559174400,1559260799,0.00011950,0.00012680,0.00011310,0.00011470,1247133.25000000
1559260800,1559347199,0.00011440,0.00012100,0.00011250,0.00011660,597691.25000000
1559347200,1559433599,0.00011660,0.00012040,0.00011500,0.00011580,697489.98000000
1559433600,1559519999,0.00011580,0.00011800,0.00011430,0.00011680,461450.68000000
1559520000,1559606399,0.00011710,0.00011710,0.00011250,0.00011440,536953.79000000
1559606400,1559692799,0.00011410,0.00011450,0.00011000,0.00011310,879735.63000000
1559692800,1559779199,0.00011320,0.00011410,0.00010990,0.00011150,567015.92000000
1559779200,1559865599,0.00011150,0.00011350,0.00011000,0.00011260,730792.98000000
1559865600,1559951999,0.00011260,0.00011480,0.00011000,0.00011310,904886.00000000
1559952000,1560038399,0.00011310,0.00011820,0.00011280,0.00011580,806314.08000000
1560038400,1560124799,0.00011570,0.00012640,0.00011540,0.00011930,1807473.44000000
1560124800,1560211199,0.00011920,0.00012600,0.00011840,0.00012050,1155941.82000000
1560211200,1560297599,0.00012040,0.00012190,0.00011770,0.00011920,706587.35000000
1560297600,1560383999,0.00011970,0.00012000,0.00011490,0.00011600,809168.29000000
1560384000,1560470399,0.00011600,0.00012080,0.00011160,0.00011310,813713.00000000
1560470400,1560556799,0.00011300,0.00011380,0.00010250,0.00010570,989447.90000000
1560556800,1560643199,0.00010560,0.00010710,0.00010100,0.00010290,595406.42000000
1560643200,1560729599,0.00010290,0.00014220,0.00010260,0.00011810,8030125.91000000
1560729600,1560815999,0.00011800,0.00011820,0.00010540,0.00010610,1771242.20000000
1560816000,1560902399,0.00010640,0.00010730,0.00010490,0.00010630,581296.21000000
1560902400,1560988799,0.00010660,0.00010730,0.00010360,0.00010540,400710.70000000
1560988800,1561075199,0.00010510,0.00010690,0.00009620,0.00009880,795481.47000000
1561075200,1561161599,0.00009850,0.00009870,0.00009010,0.00009080,776593.67000000
1561161600,1561247999,0.00009070,0.00009220,0.00008100,0.00008980,1144574.93000000
1561248000,1561334399,0.00008980,0.00009450,0.00008410,0.00008880,828970.55000000
1561334400,1561420799,0.00008890,0.00008960,0.00008610,0.00008820,312842.21000000
1561420800,1561507199,0.00008800,0.00008990,0.00008260,0.00008340,519930.14000000
1561507200,1561593599,0.00008350,0.00008350,0.00007080,0.00007290,2211679.96000000
1561593600,1561679999,0.00007280,0.00007970,0.00006910,0.00007370,1664731.21000000
1561680000,1561766399,0.00007370,0.00007490,0.00006990,0.00007120,633013.35000000
1561766400,1561852799,0.00007080,0.00007720,0.00007070,0.00007640,689523.55000000
1561852800,1561939199,0.00007650,0.00008120,0.00007380,0.00007850,836024.59000000
1561939200,1562025599,0.00007870,0.00008450,0.00007830,0.00008170,1002942.79000000
1562025600,1562111999,0.00008170,0.00008260,0.00007340,0.00007550,1316871.66000000
1562112000,1562198399,0.00007570,0.00007580,0.00006760,0.00006830,1192465.52000000
1562198400,1562284799,0.00006810,0.00008880,0.00006720,0.00007570,6862635.42000000
1562284800,1562371199,0.00007570,0.00007810,0.00007220,0.00007490,1399293.33000000
1562371200,1562457599,0.00007470,0.00007510,0.00007090,0.00007330,872502.06000000
1562457600,1562543999,0.00007350,0.00007640,0.00007290,0.00007520,572052.25000000
1562544000,1562630399,0.00007480,0.00007600,0.00006660,0.00006770,924118.78000000
1562630400,1562716799,0.00006780,0.00006810,0.00006340,0.00006400,799803.28000000
1562716800,1562803199,0.00006420,0.00006450,0.00005790,0.00006170,938674.86000000
1562803200,1562889599,0.00006130,0.00006230,0.00005580,0.00005770,758534.79000000
1562889600,1562975999,0.00005780,0.00006120,0.00005740,0.00005900,771288.44000000
1562976000,1563062399,0.00005890,0.00006050,0.00005840,0.00005990,462442.85000000
1563062400,1563148799,0.00005960,0.00006110,0.00005780,0.00005810,347639.41000000
1563148800,1563235199,0.00005840,0.00005860,0.00005450,0.00005520,763464.03000000
1563235200,1563321599,0.00005520,0.00005630,0.00005190,0.00005240,1408398.30000000
1563321600,1563407999,0.00005250,0.00005620,0.00005140,0.00005430,952699.55000000
1563408000,1563494399,0.00005430,0.00005580,0.00005200,0.00005280,631643.27000000
1563494400,1563580799,0.00005250,0.00005480,0.00005210,0.00005450,409117.73000000
1563580800,1563667199,0.00005460,0.00005610,0.00005370,0.00005490,400025.08000000
1563667200,1563753599,0.00005510,0.00005530,0.00005340,0.00005380,274727.43000000
1563753600,1563839999,0.00005390,0.00005700,0.00005340,0.00005640,401961.57000000
1563840000,1563926399,0.00005650,0.00006010,0.00005510,0.00005660,573593.27000000
1563926400,1564012799,0.00005680,0.00005770,0.00005550,0.00005690,315900.24000000
1564012800,1564099199,0.00005680,0.00006250,0.00005560,0.00006070,935137.20000000
1564099200,1564185599,0.00006110,0.00006320,0.00005960,0.00006140,618448.89000000
1564185600,1564271999,0.00006130,0.00006160,0.00005750,0.00005810,687801.78000000
1564272000,1564358399,0.00005790,0.00005910,0.00005660,0.00005780,450256.96000000
1564358400,1564444799,0.00005770,0.00005790,0.00005640,0.00005700,344859.21000000
1564444800,1564531199,0.00005710,0.00005780,0.00005530,0.00005650,315292.03000000
1564531200,1564617599,0.00005640,0.00005690,0.00005300,0.00005400,552285.25000000
1564617600,1564703999,0.00005400,0.00005430,0.00005010,0.00005030,431228.51000000
1564704000,1564790399,0.00005030,0.00005620,0.00004920,0.00005170,1731159.35000000
1564790400,1564876799,0.00005170,0.00005380,0.00004990,0.00005060,710971.53000000
1564876800,1564963199,0.00005070,0.00005140,0.00004800,0.00004870,523160.57000000
1564963200,1565049599,0.00004880,0.00004890,0.00004350,0.00004430,795977.79000000
1565049600,1565135999,0.00004430,0.00004530,0.00004020,0.00004200,1175172.36000000
1565136000,1565222399,0.00004220,0.00004240,0.00003760,0.00003810,889381.48000000
1565222400,1565308799,0.00003810,0.00004180,0.00003770,0.00003900,496916.63000000
1565308800,1565395199,0.00003900,0.00003960,0.00003570,0.00003620,374893.49000000
1565395200,1565481599,0.00003610,0.00003890,0.00003570,0.00003820,330974.40000000
1565481600,1565567999,0.00003830,0.00003970,0.00003800,0.00003830,272434.70000000
1565568000,1565654399,0.00003820,0.00003900,0.00003570,0.00003740,1238982.86000000
1565654400,1565740799,0.00003740,0.00003890,0.00003680,0.00003800,349406.86000000
1565740800,1565827199,0.00003800,0.00004150,0.00003620,0.00003630,909332.52000000
1565827200,1565913599,0.00003630,0.00003660,0.00003470,0.00003530,585969.79000000
1565913600,1565999999,0.00003530,0.00003970,0.00003370,0.00003410,1275057.98000000
1566000000,1566086399,0.00003420,0.00003970,0.00003400,0.00003540,1243373.10000000
1566086400,1566172799,0.00003530,0.00003670,0.00003460,0.00003640,662655.73000000
1566172800,1566259199,0.00003640,0.00003680,0.00003450,0.00003510,638737.88000000
1566259200,1566345599,0.00003510,0.00003650,0.00003500,0.00003540,548801.88000000
1566345600,1566431999,0.00003540,0.00003810,0.00003540,0.00003760,683869.43000000
1566432000,1566518399,0.00003760,0.00004030,0.00003700,0.00003910,902732.27000000
1566518400,1566604799,0.00003910,0.00004350,0.00003860,0.00003960,1606214.73000000
1566604800,1566691199,0.00003960,0.00004300,0.00003950,0.00004190,1101893.99000000
1566691200,1566777599,0.00004210,0.00004290,0.00003960,0.00003970,487856.66000000
1566777600,1566863999,0.00003980,0.00004040,0.00003870,0.00003940,487759.39000000
1566864000,1566950399,0.00003940,0.00004060,0.00003860,0.00003940,315907.34000000
1566950400,1567036799,0.00003950,0.00004910,0.00003750,0.00004450,3862030.77000000
1567036800,1567123199,0.00004470,0.00004570,0.00004050,0.00004060,2347845.83000000
1567123200,1567209599,0.00004070,0.00004190,0.00003990,0.00004160,523274.25000000
1567209600,1567295999,0.00004150,0.00004400,0.00004040,0.00004150,631358.21000000
1567296000,1567382399,0.00004150,0.00004360,0.00003870,0.00003920,606322.14000000
1567382400,1567468799,0.00003920,0.00004650,0.00003760,0.00003800,1281025.75000000
1567468800,1567555199,0.00003800,0.00003950,0.00003570,0.00003650,832857.55000000
1567555200,1567641599,0.00003680,0.00003720,0.00003450,0.00003560,388132.44000000
1567641600,1567727999,0.00003560,0.00003870,0.00003550,0.00003690,367850.82000000
1567728000,1567814399,0.00003700,0.00003720,0.00003500,0.00003610,270313.41000000
1567814400,1567900799,0.00003610,0.00003780,0.00003560,0.00003670,180700.07000000
1567900800,1567987199,0.00003680,0.00003830,0.00003620,0.00003800,383164.39000000
